﻿<?xml version="1.0" encoding="UTF-8" standalone="yes"?>
<addon id="script.pyxbmct.demo"
   name="PyXBMCt Demo"
   version="1.0.0"
   provider-name="Roman_V_M">
  <requires>
    <import addon="xbmc.python" version="2.14.0"/>
    <import addon="script.module.pyxbmct" version="1.1.4" />
  </requires>
  <extension point="xbmc.python.script" library="default.py">
    <provides>executable</provides>
  </extension>
  <extension point="xbmc.addon.metadata">
    <platform>all</platform>
    <summary lang="en">PyXBMCt Demo Addon</summary>
    <description lang="en">Addon for demonstrating the capabilities and usage of PyXBMCt framework.</description>
  </extension>
</addon>
