<?xml version="1.0" encoding="UTF-8" standalone="yes"?>
<addon id="repository.mmg" name="MMG Kodi Repository" version="1.0.14122215a" provider-name="andrewmarconi">
	<extension point="xbmc.addon.repository" name="MMG Kodi Repository">
		<info compressed="false">https://raw.githubusercontent.com/andrewmarconi/mmg-kodi/master/addons.xml</info>
		<checksum>https://raw.githubusercontent.com/andrewmarconi/mmg-kodi/master/addons.xml.md5</checksum>
		<datadir zip="true">https://raw.githubusercontent.com/andrewmarconi/mmg-kodi/master/zips</datadir>
	</extension>
	<extension point="xbmc.addon.metadata">
		<summary>MMG Kodi Repository</summary>
		<description>Download and install some unoffical add-ons for Kodi.</description>
		<platform>all</platform>
	</extension>
</addon>